EventNumber,NumParticlesInEvent,PerfectReco,AllParticles,NoneIso,PartReco,NotFound,NumBkgParticles_noniso,SigMatch,NumSignalParticles,B_id,EVENTNUMBER,RUNNUMBER,num_pvs,final_pid,final_b_score,final_bbar_score,ft_b_score,ft_bbar_score
0,6,0,0,1,0,0,-999,0,2,-511,82736,29912390,4,,,,,
0,6,0,0,0,1,0,-1,1,4,531,82736,29912390,4,,,,,
1,5,0,0,1,0,0,-999,1,4,531,80770,29910573,5,,,,,
2,6,1,1,0,0,0,-999,0,2,-421,76006,29910545,5,,,,,
2,6,1,1,0,0,0,-999,1,4,531,76006,29910545,5,,,,0.0,0.0
3,4,1,1,0,0,0,-999,1,4,531,115933,29912586,4,,,,,
4,4,1,1,0,0,0,-999,1,4,-531,139106,29912724,5,,,,,
5,4,1,1,0,0,0,-999,1,4,-531,38712,29912130,7,,,,,
6,6,0,0,1,0,0,-999,1,4,-531,48060,29910382,6,,,,,
6,6,0,0,1,0,0,-999,0,2,511,48060,29910382,6,,,,,
7,4,1,1,0,0,0,-999,1,4,531,82808,29912390,9,,,,,
8,4,1,1,0,0,0,-999,1,4,-531,37216,29912121,7,,,,,
9,4,1,1,0,0,0,-999,1,4,-531,37334,29912121,9,,,,,
10,7,1,1,0,0,0,-999,1,4,-531,111629,29912561,4,,,,,
10,7,0,1,0,0,0,-999,0,3,531,111629,29912561,4,,,,0.0,0.0
11,4,1,1,0,0,0,-999,1,4,531,48085,29910382,4,,,,,
12,4,1,1,0,0,0,-999,1,4,-531,38819,29912130,4,,,,,
13,4,1,1,0,0,0,-999,1,4,-531,49317,29912192,6,,,,,
14,7,0,0,0,1,0,-1,1,4,531,111651,29912561,7,,,,0.0,0.0
14,7,0,0,0,1,0,-1,0,3,-521,111651,29912561,7,,,,,
15,6,0,0,1,0,0,-999,1,4,-531,82779,29912390,5,,,,,
15,6,0,0,1,0,0,-999,0,2,511,82779,29912390,5,,,,,
16,4,0,0,1,0,0,-999,0,2,-531,39673,29910333,4,,,,,
16,4,0,0,1,0,0,-999,0,2,521,39673,29910333,4,,,,,
17,4,1,1,0,0,0,-999,1,4,531,108486,29910735,6,,,,,
18,7,1,1,0,0,0,-999,1,4,-531,37239,29912121,6,,,,,
18,7,1,1,0,0,0,-999,0,3,521,37239,29912121,6,,,,0.0,0.0
19,4,1,1,0,0,0,-999,1,4,531,111592,29912561,6,,,,,
20,8,0,0,0,1,0,-2,0,4,521,82715,29912390,7,,,,0.0,0.0
20,8,1,1,0,0,0,-999,1,4,-531,82715,29912390,7,,,,,
21,4,1,1,0,0,0,-999,1,4,-531,139201,29912724,1,,,,,
22,9,0,0,0,0,1,-999,1,4,531,37230,29912121,6,,,,0.0,0.0
22,9,0,0,0,1,0,-3,0,5,-511,37230,29912121,6,,,,,
23,7,0,0,1,0,0,-999,0,3,-521,79876,29910568,8,,,,,
23,7,0,0,0,1,0,1,1,4,531,79876,29910568,8,,,,,
24,4,1,1,0,0,0,-999,1,4,531,111559,29912561,7,,,,,
25,6,0,0,1,0,0,-999,1,4,531,22004,29910229,5,,,,,
25,6,0,0,0,1,0,3,0,2,411,22004,29910229,5,,,,,
26,4,1,1,0,0,0,-999,1,4,-531,139199,29912724,10,,,,,
27,6,0,0,1,0,0,-999,1,4,531,108450,29910735,5,,,,,
27,6,0,0,0,1,0,3,0,2,-521,108450,29910735,5,,,,,
28,8,0,0,0,1,0,-2,0,4,521,37258,29912121,7,,,,,
28,8,0,0,0,1,0,-1,1,4,-531,37258,29912121,7,,,,0.0,0.0
29,4,1,1,0,0,0,-999,1,4,-531,48185,29910382,7,,,,,
30,4,1,1,0,0,0,-999,1,4,-531,37339,29912121,9,,,,,
31,12,0,0,0,1,0,-1,1,4,531,75990,29910545,7,,,,,
31,12,0,0,0,0,1,-999,0,8,-531,75990,29910545,7,,,,0.0,0.0
32,7,0,0,0,1,0,-1,1,4,531,92081,29910639,6,,,,,
32,7,0,0,0,0,1,-999,0,3,-511,92081,29910639,6,,,,0.0,0.0
33,6,1,1,0,0,0,-999,1,4,-531,48133,29910382,9,,,,,
33,6,1,1,0,0,0,-999,0,2,511,48133,29910382,9,,,,0.0,0.0
34,4,1,1,0,0,0,-999,1,4,531,82790,29912390,9,,,,,
35,4,1,1,0,0,0,-999,1,4,-531,21911,29910229,8,,,,,
36,4,1,1,0,0,0,-999,1,4,531,26402,29912057,5,,,,,
37,6,1,1,0,0,0,-999,0,2,511,91981,29910638,3,,,,,
37,6,1,1,0,0,0,-999,1,4,-531,91981,29910638,3,,,,0.0,0.0
38,4,1,1,0,0,0,-999,1,4,531,21908,29910229,5,,,,,
39,4,1,1,0,0,0,-999,1,4,-531,91853,29910638,2,,,,,
40,10,0,0,0,1,0,-2,1,4,-531,92140,29910639,5,,,,,
40,10,0,0,0,0,1,-999,0,6,511,92140,29910639,5,,,,0.0,0.0
41,8,0,0,0,1,0,-1,0,4,-511,82668,29912390,7,,,,,
41,8,0,0,0,1,0,-2,1,4,531,82668,29912390,7,,,,0.0,0.0
42,4,1,1,0,0,0,-999,1,4,531,76025,29910545,6,,,,,
43,6,1,1,0,0,0,-999,1,4,531,38716,29912130,4,,,,,
43,6,1,1,0,0,0,-999,0,2,-511,38716,29912130,4,,,,0.0,0.0
44,4,1,1,0,0,0,-999,1,4,-531,91891,29910638,3,,,,,
45,4,1,1,0,0,0,-999,1,4,-531,38783,29912130,4,,,,,
46,5,1,1,0,0,0,-999,1,4,-531,39832,29910333,8,,,,,
47,7,0,0,0,1,0,-2,1,4,531,91982,29910638,7,,,,,
47,7,0,1,0,0,0,-999,0,3,-511,91982,29910638,7,,,,0.0,0.0
48,8,0,0,0,1,0,-1,1,4,531,115851,29912586,5,,,,0.0,0.0
48,8,0,1,0,0,0,-999,0,4,-521,115851,29912586,5,,,,,
49,6,0,0,1,0,0,-999,0,2,-511,111627,29912561,4,,,,,
49,6,0,0,0,1,0,-1,1,4,531,111627,29912561,4,,,,,
50,6,0,0,0,1,0,-1,0,3,-531,38771,29912130,7,,,,0.0,0.0
50,6,0,1,0,0,0,-999,0,3,511,38771,29912130,7,,,,,
51,6,0,0,1,0,0,-999,1,4,531,39724,29910333,3,,,,,
51,6,0,0,1,0,0,-999,0,2,5122,39724,29910333,3,,,,,
52,4,1,1,0,0,0,-999,1,4,531,37247,29912121,2,,,,,
53,6,1,1,0,0,0,-999,0,2,511,82676,29912390,7,,,,,
53,6,1,1,0,0,0,-999,1,4,-531,82676,29912390,7,,,,0.0,0.0
54,4,1,1,0,0,0,-999,1,4,-531,139211,29912724,4,,,,,
55,6,0,0,0,0,1,-999,0,2,531,38761,29912130,11,,,,0.0,0.0
55,6,0,0,0,1,0,-1,1,4,-531,38761,29912130,11,,,,,
56,7,0,0,0,1,0,-1,1,4,531,37326,29912121,8,,,,,
56,7,0,0,0,1,0,-1,0,3,-511,37326,29912121,8,,,,0.0,0.0
57,6,0,0,1,0,0,-999,1,4,-531,26398,29912057,8,,,,,
57,6,0,0,1,0,0,-999,0,2,-4122,26398,29912057,8,,,,,
58,4,1,1,0,0,0,-999,1,4,531,111611,29912561,5,,,,,
59,4,1,1,0,0,0,-999,1,4,-531,39765,29910333,5,,,,,
60,6,1,1,0,0,0,-999,0,2,431,108423,29910735,10,,,,,
60,6,1,1,0,0,0,-999,1,4,-531,108423,29910735,10,,,,0.0,0.0
61,8,0,0,0,1,0,-1,0,4,-521,38720,29912130,7,,,,,
61,8,0,0,0,1,0,-1,1,4,531,38720,29912130,7,,,,,
62,7,0,0,0,1,0,0,0,3,-421,111614,29912561,3,,,,,
62,7,0,0,0,1,0,-1,1,4,-531,111614,29912561,3,,,,,
63,9,0,0,0,1,0,-2,0,5,521,139099,29912724,4,,,,,
63,9,0,0,0,1,0,-2,1,4,-531,139099,29912724,4,,,,0.0,0.0
64,4,1,1,0,0,0,-999,1,4,531,39764,29910333,3,,,,,
65,4,1,1,0,0,0,-999,1,4,-531,82647,29912390,6,,,,,
66,4,1,1,0,0,0,-999,1,4,531,26389,29912057,3,,,,,
67,4,1,1,0,0,0,-999,1,4,531,38860,29912130,8,,,,,
68,7,1,1,0,0,0,-999,0,3,521,79911,29910568,2,,,,,
68,7,1,1,0,0,0,-999,1,4,-531,79911,29910568,2,,,,0.0,0.0
69,4,1,1,0,0,0,-999,1,4,-531,82671,29912390,8,,,,,
70,4,1,1,0,0,0,-999,1,4,-531,108439,29910735,4,,,,,
71,6,0,0,0,1,0,0,0,3,-531,38741,29912130,6,,,,,
71,6,0,0,0,1,0,0,0,3,531,38741,29912130,6,,,,,
72,6,0,0,0,1,0,0,0,2,421,82677,29912390,6,,,,0.0,0.0
72,6,0,0,0,1,0,-1,1,4,-531,82677,29912390,6,,,,,
73,4,1,1,0,0,0,-999,1,4,531,75977,29910545,5,,,,,
74,4,1,1,0,0,0,-999,1,4,531,37278,29912121,7,,,,,
75,6,0,0,1,0,0,-999,1,4,531,80825,29910573,7,,,,,
75,6,0,0,1,0,0,-999,0,2,421,80825,29910573,7,,,,,
76,4,1,1,0,0,0,-999,1,4,-531,26432,29912057,8,,,,,
77,4,1,1,0,0,0,-999,1,4,-531,21968,29910229,5,,,,,
78,4,1,1,0,0,0,-999,1,4,-531,39835,29910333,7,,,,,
79,7,0,0,1,0,0,-999,0,4,-511,39805,29910333,4,,,,,
79,7,0,0,1,0,0,-999,0,3,531,39805,29910333,4,,,,,
80,4,1,1,0,0,0,-999,1,4,-531,26502,29912057,5,,,,,
81,9,0,0,0,1,0,-1,1,4,531,91866,29910638,6,,,,,
81,9,0,0,0,1,0,-1,0,3,-521,91866,29910638,6,,,,0.0,0.0
81,9,1,1,0,0,0,-999,0,2,511,91866,29910638,6,,,,0.0,0.0
82,4,1,1,0,0,0,-999,1,4,-531,92151,29910639,4,,,,,
83,4,1,1,0,0,0,-999,1,4,531,108488,29910735,3,,,,,
84,4,1,1,0,0,0,-999,1,4,531,75948,29910545,5,,,,,
85,6,0,0,1,0,0,-999,1,4,-531,80789,29910573,5,,,,,
85,6,0,0,1,0,0,-999,0,2,-5122,80789,29910573,5,,,,,
86,4,1,1,0,0,0,-999,1,4,-531,108451,29910735,11,,,,,
87,3,1,1,0,0,0,-999,0,3,531,22012,29910229,5,,,,,
88,7,0,0,0,1,0,-1,1,4,531,115926,29912586,4,,,,,
88,7,0,0,0,1,0,-1,0,3,-511,115926,29912586,4,,,,0.0,0.0
89,7,0,0,1,0,0,-999,0,3,521,38839,29912130,5,,,,,
89,7,0,0,0,1,0,0,1,4,-531,38839,29912130,5,,,,,
90,8,0,0,0,1,0,-2,1,4,-531,48187,29910382,7,,,,,
90,8,0,0,0,0,1,-999,0,4,521,48187,29910382,7,,,,0.0,0.0
91,4,1,1,0,0,0,-999,1,4,-531,37252,29912121,5,,,,,
92,9,0,0,0,1,0,-2,1,4,531,80797,29910573,3,,,,,
92,9,0,0,0,1,0,-3,0,5,-511,80797,29910573,3,,,,0.0,0.0
93,10,0,0,0,1,0,-1,1,4,531,91935,29910638,5,,,,,
93,10,0,0,0,1,0,-3,0,6,-511,91935,29910638,5,,,,0.0,0.0
94,6,0,0,1,0,0,-999,1,4,531,111631,29912561,5,,,,,
94,6,0,0,0,1,0,3,0,2,-531,111631,29912561,5,,,,,
95,4,1,1,0,0,0,-999,1,4,-531,39741,29910333,2,,,,,
96,7,0,0,0,1,0,-1,1,4,-531,115930,29912586,8,,,,,
96,7,0,0,0,0,1,-999,0,3,-5122,115930,29912586,8,,,,0.0,0.0
97,9,0,0,0,1,0,-2,0,5,511,115929,29912586,4,,,,,
97,9,0,0,0,1,0,-1,1,4,-531,115929,29912586,4,,,,0.0,0.0
98,7,0,0,0,1,0,1,0,3,-531,37256,29912121,8,,,,,
98,7,0,0,0,1,0,0,1,4,531,37256,29912121,8,,,,,
99,7,0,0,0,1,0,-1,0,3,-511,108501,29910735,7,,,,,
99,7,0,0,0,1,0,-2,1,4,531,108501,29910735,7,,,,,
100,4,1,1,0,0,0,-999,1,4,531,22003,29910229,3,,,,,
101,4,1,1,0,0,0,-999,1,4,531,37225,29912121,4,,,,,
102,14,0,0,0,1,0,1,0,10,-511,82783,29912390,5,,,,,
102,14,0,0,0,1,0,7,1,4,531,82783,29912390,5,,,,,
103,5,0,1,0,0,0,-999,0,5,531,48086,29910382,9,,,,,
104,4,1,1,0,0,0,-999,1,4,531,80766,29910573,7,,,,,
105,4,1,1,0,0,0,-999,1,4,531,21934,29910229,4,,,,,
106,9,0,0,0,1,0,-2,0,5,-521,91913,29910638,6,,,,,
106,9,0,0,0,1,0,-1,1,4,531,91913,29910638,6,,,,,
107,4,1,1,0,0,0,-999,1,4,-531,39729,29910333,3,,,,,
108,7,0,0,0,1,0,-1,1,4,-531,91999,29910639,4,,,,,
108,7,0,0,0,1,0,0,0,3,-5122,91999,29910639,4,,,,,
109,14,0,0,0,1,0,-7,0,10,531,115893,29912586,8,,,,0.0,0.0
109,14,0,0,0,1,0,-1,1,4,-531,115893,29912586,8,,,,,
110,6,0,0,1,0,0,-999,0,2,511,91860,29910638,2,,,,,
110,6,0,0,1,0,0,-999,1,4,-531,91860,29910638,2,,,,,
111,4,1,1,0,0,0,-999,1,4,-531,115902,29912586,5,,,,,
112,7,1,1,0,0,0,-999,0,3,531,91952,29910638,5,,,,,
112,7,0,0,0,1,0,-2,0,4,-511,91952,29910638,5,,,,0.0,0.0
113,6,0,0,1,0,0,-999,1,4,-531,39717,29910333,6,,,,,
113,6,0,0,0,1,0,3,0,2,521,39717,29910333,6,,,,,
114,4,1,1,0,0,0,-999,1,4,-531,92088,29910639,6,,,,,
115,4,1,1,0,0,0,-999,1,4,-531,82650,29912390,4,,,,,
116,6,0,0,0,1,0,-1,1,4,-531,80750,29910573,6,,,,,
116,6,1,1,0,0,0,-999,0,2,521,80750,29910573,6,,,,0.0,0.0
117,6,0,0,0,1,0,3,0,2,-511,39768,29910333,6,,,,,
117,6,0,0,1,0,0,-999,1,4,531,39768,29910333,6,,,,,
118,6,0,0,1,0,0,-999,0,2,531,37233,29912121,7,,,,,
118,6,0,0,1,0,0,-999,1,4,-531,37233,29912121,7,,,,,
119,4,1,1,0,0,0,-999,1,4,531,80814,29910573,6,,,,,
120,7,0,0,0,1,0,-1,0,3,531,115920,29912586,6,,,,,
120,7,0,0,0,1,0,-1,1,4,-531,115920,29912586,6,,,,0.0,0.0
121,7,0,0,0,1,0,-1,0,3,511,37346,29912121,3,,,,,
121,7,0,0,0,1,0,-2,1,4,-531,37346,29912121,3,,,,0.0,0.0
122,4,1,1,0,0,0,-999,1,4,-531,82687,29912390,4,,,,,
123,4,1,1,0,0,0,-999,1,4,531,76067,29910545,4,,,,,
124,4,1,1,0,0,0,-999,1,4,531,39808,29910333,3,,,,,
125,7,0,0,0,1,0,-2,1,4,-531,139204,29912724,5,,,,,
125,7,0,0,0,1,0,-1,0,3,521,139204,29912724,5,,,,,
126,4,1,1,0,0,0,-999,1,4,-531,37273,29912121,6,,,,,
127,8,0,0,0,1,0,-1,1,4,-531,39726,29910333,3,,,,,
127,8,0,0,0,1,0,-2,0,4,511,39726,29910333,3,,,,0.0,0.0
128,4,1,1,0,0,0,-999,1,4,-531,139160,29912724,4,,,,,
129,4,1,1,0,0,0,-999,1,4,531,48156,29910382,5,,,,,
130,4,1,1,0,0,0,-999,1,4,531,37229,29912121,5,,,,,
131,9,0,0,0,1,0,-1,0,5,-531,76058,29910545,5,,,,,
131,9,0,0,0,1,0,0,1,4,531,76058,29910545,5,,,,,
132,6,1,1,0,0,0,-999,1,4,-531,48165,29910382,4,,,,,
132,6,1,1,0,0,0,-999,0,2,521,48165,29910382,4,,,,0.0,0.0
133,8,0,0,1,0,0,-999,0,4,531,80735,29910573,6,,,,,
133,8,0,0,0,1,0,1,1,4,-531,80735,29910573,6,,,,,
134,4,1,1,0,0,0,-999,1,4,-531,39794,29910333,7,,,,,
135,8,1,1,0,0,0,-999,1,4,531,26452,29912057,4,,,,,
135,8,0,0,0,1,0,-1,0,4,-531,26452,29912057,4,,,,0.0,0.0
136,4,1,1,0,0,0,-999,1,4,-531,82718,29912390,5,,,,,
137,4,1,1,0,0,0,-999,1,4,531,79903,29910568,6,,,,,
138,7,0,0,0,1,0,0,0,3,511,115831,29912586,7,,,,0.0,0.0
138,7,0,0,0,1,0,-2,1,4,-531,115831,29912586,7,,,,,
139,4,1,1,0,0,0,-999,1,4,531,111692,29912561,5,,,,,
140,8,0,0,0,1,0,-1,0,4,511,92118,29910639,2,,,,,
140,8,0,0,0,1,0,-1,1,4,-531,92118,29910639,2,,,,0.0,0.0
141,4,1,1,0,0,0,-999,1,4,531,139146,29912724,9,,,,,
142,4,1,1,0,0,0,-999,1,4,531,38735,29912130,5,,,,,
143,4,1,1,0,0,0,-999,1,4,531,80853,29910573,3,,,,,
144,4,1,1,0,0,0,-999,1,4,-531,111624,29912561,5,,,,,
145,4,1,1,0,0,0,-999,1,4,531,115809,29912586,8,,,,,
146,6,0,0,0,1,0,1,1,4,-531,37284,29912121,7,,,,,
146,6,0,0,1,0,0,-999,0,2,521,37284,29912121,7,,,,,
147,7,0,0,0,0,1,-999,0,3,-531,48075,29910382,4,,,,0.0,0.0
147,7,0,0,0,1,0,-2,1,4,531,48075,29910382,4,,,,,
148,8,0,0,0,1,0,-2,0,4,-531,139100,29912724,8,,,,,
148,8,0,0,0,1,0,-2,1,4,531,139100,29912724,8,,,,0.0,0.0
149,4,1,1,0,0,0,-999,1,4,-531,80837,29910573,7,,,,,
150,4,1,1,0,0,0,-999,1,4,-531,26381,29912057,4,,,,,
151,15,0,0,1,0,0,-999,0,6,-521,48167,29910382,10,,,,,
151,15,0,0,1,0,0,-999,0,5,511,48167,29910382,10,,,,,
151,15,0,0,0,1,0,10,1,4,531,48167,29910382,10,,,,,
152,7,0,0,0,1,0,-1,1,4,531,76071,29910545,5,,,,,
152,7,0,0,0,0,1,-999,0,3,-521,76071,29910545,5,,,,0.0,0.0
153,6,0,0,1,0,0,-999,0,2,531,38780,29912130,5,,,,,
153,6,0,0,1,0,0,-999,1,4,-531,38780,29912130,5,,,,,
154,10,0,0,0,0,1,-999,1,4,531,21889,29910229,6,,,,,
154,10,0,0,0,0,1,-999,0,6,-511,21889,29910229,6,,,,,
155,6,1,1,0,0,0,-999,1,4,531,26533,29912057,6,,,,,
155,6,1,1,0,0,0,-999,0,2,5122,26533,29912057,6,,,,0.0,0.0
156,4,1,1,0,0,0,-999,1,4,-531,115802,29912586,6,,,,,
157,9,0,0,0,1,0,-1,1,4,531,91992,29910638,3,,,,,
157,9,0,0,0,1,0,-2,0,5,-521,91992,29910638,3,,,,0.0,0.0
158,4,1,1,0,0,0,-999,1,4,531,115836,29912586,4,,,,,
159,6,0,0,0,1,0,0,1,4,531,37344,29912121,6,,,,,
159,6,0,0,0,1,0,2,0,2,-511,37344,29912121,6,,,,,
160,7,1,1,0,0,0,-999,1,4,531,115771,29912586,3,,,,,
160,7,0,0,0,0,1,-999,0,3,-521,115771,29912586,3,,,,0.0,0.0
161,6,0,0,1,0,0,-999,1,4,531,26481,29912057,6,,,,,
161,6,0,0,1,0,0,-999,0,2,-521,26481,29912057,6,,,,,
162,4,1,1,0,0,0,-999,1,4,531,38852,29912130,7,,,,,
163,7,0,0,0,1,0,-2,1,4,531,80860,29910573,7,,,,,
163,7,0,0,0,1,0,-1,0,3,-531,80860,29910573,7,,,,,
164,10,0,0,0,1,0,-1,1,4,531,139113,29912724,4,,,,,
164,10,0,0,0,1,0,-4,0,6,-531,139113,29912724,4,,,,0.0,0.0
165,8,0,0,0,1,0,-1,1,4,531,111609,29912561,7,,,,,
165,8,0,0,0,1,0,-1,0,4,-511,111609,29912561,7,,,,0.0,0.0
166,11,0,0,0,0,1,-999,0,7,521,111553,29912561,5,,,,0.0,0.0
166,11,0,0,0,1,0,-1,1,4,-531,111553,29912561,5,,,,,
167,6,0,0,1,0,0,-999,0,2,521,26509,29912057,7,,,,,
167,6,0,0,1,0,0,-999,1,4,-531,26509,29912057,7,,,,,
168,6,0,0,0,1,0,-1,1,4,531,26514,29912057,9,,,,,
168,6,0,0,1,0,0,-999,0,2,-531,26514,29912057,9,,,,0.0,0.0
169,10,1,1,0,0,0,-999,1,4,-531,49311,29912192,5,,,,,
169,10,0,0,0,0,1,-999,0,6,511,49311,29912192,5,,,,0.0,0.0
170,6,0,0,0,1,0,-1,1,4,-531,76000,29910545,6,,,,,
170,6,0,0,0,1,0,0,0,2,531,76000,29910545,6,,,,0.0,0.0
171,6,0,0,1,0,0,-999,1,4,-531,39677,29910333,5,,,,,
171,6,0,0,1,0,0,-999,0,2,511,39677,29910333,5,,,,,
172,8,1,1,0,0,0,-999,1,4,-531,39810,29910333,3,,,,,
172,8,0,0,0,1,0,-2,0,4,521,39810,29910333,3,,,,0.0,0.0
173,6,1,1,0,0,0,-999,1,4,-531,48091,29910382,5,,,,,
173,6,0,0,0,0,1,-999,0,2,521,48091,29910382,5,,,,0.0,0.0
174,7,0,0,0,1,0,-1,0,3,521,111660,29912561,10,,,,,
174,7,0,0,0,1,0,-2,1,4,-531,111660,29912561,10,,,,,
175,6,0,0,0,1,0,-1,1,4,-531,108528,29910735,6,,,,,
175,6,0,0,0,0,1,-999,0,2,511,108528,29910735,6,,,,0.0,0.0
176,4,1,1,0,0,0,-999,1,4,531,92134,29910639,11,,,,,
177,6,0,0,1,0,0,-999,0,2,521,39839,29910333,4,,,,,
177,6,0,0,0,1,0,-1,1,4,-531,39839,29910333,4,,,,,
178,6,1,1,0,0,0,-999,1,4,531,21957,29910229,7,,,,,
178,6,1,1,0,0,0,-999,0,2,-511,21957,29910229,7,,,,0.0,0.0
179,7,0,0,0,1,0,-1,1,4,-531,38728,29912130,3,,,,,
179,7,0,0,0,0,1,-999,0,3,521,38728,29912130,3,,,,0.0,0.0
180,4,1,1,0,0,0,-999,1,4,531,48054,29910382,4,,,,,
181,9,0,0,0,1,0,-2,1,4,-531,82707,29912390,7,,,,,
181,9,0,0,0,1,0,-3,0,5,511,82707,29912390,7,,,,0.0,0.0
182,4,1,1,0,0,0,-999,1,4,-531,139098,29912724,5,,,,,
183,7,1,1,0,0,0,-999,0,3,-511,91975,29910638,5,,,,,
183,7,0,0,0,1,0,-1,1,4,531,91975,29910638,5,,,,0.0,0.0
184,4,1,1,0,0,0,-999,1,4,-531,76008,29910545,4,,,,,
185,6,0,0,0,1,0,-1,1,4,-531,39783,29910333,5,,,,,
185,6,0,0,1,0,0,-999,0,2,521,39783,29910333,5,,,,,
186,6,0,0,0,1,0,-2,1,4,531,76010,29910545,10,,,,,
186,6,0,0,1,0,0,-999,0,2,-521,76010,29910545,10,,,,0.0,0.0
187,8,1,1,0,0,0,-999,1,4,531,111679,29912561,5,,,,,
187,8,0,1,0,0,0,-999,0,4,-511,111679,29912561,5,,,,0.0,0.0
188,6,1,1,0,0,0,-999,1,4,531,115848,29912586,5,,,,,
188,6,0,0,0,0,1,-999,0,2,-511,115848,29912586,5,,,,0.0,0.0
189,4,1,1,0,0,0,-999,1,4,-531,48059,29910382,5,,,,,
190,9,0,0,0,0,1,-999,1,4,-531,111658,29912561,9,,,,0.0,0.0
190,9,0,0,0,1,0,-3,0,5,521,111658,29912561,9,,,,,
191,9,0,0,0,1,0,-2,0,5,521,48097,29910382,3,,,,,
191,9,0,0,0,1,0,-2,1,4,-531,48097,29910382,3,,,,0.0,0.0
192,7,0,0,0,1,0,3,0,3,-511,92070,29910639,4,,,,,
192,7,0,0,1,0,0,-999,1,4,531,92070,29910639,4,,,,,
193,4,1,1,0,0,0,-999,1,4,531,91946,29910638,6,,,,,
194,4,1,1,0,0,0,-999,1,4,531,139184,29912724,5,,,,,
195,6,0,0,0,1,0,-1,1,4,-531,26523,29912057,3,,,,,
195,6,1,1,0,0,0,-999,0,2,-3122,26523,29912057,3,,,,0.0,0.0
196,4,1,1,0,0,0,-999,1,4,-531,82774,29912390,7,,,,,
197,4,1,1,0,0,0,-999,1,4,531,91905,29910638,5,,,,,
198,4,1,1,0,0,0,-999,1,4,-531,49299,29912192,5,,,,,
199,4,1,1,0,0,0,-999,1,4,531,111680,29912561,1,,,,,
200,7,0,0,0,1,0,3,0,3,-511,79895,29910568,4,,,,,
200,7,0,0,1,0,0,-999,1,4,531,79895,29910568,4,,,,,
201,4,1,1,0,0,0,-999,1,4,531,80744,29910573,3,,,,,
202,4,1,1,0,0,0,-999,1,4,-531,139155,29912724,7,,,,,
203,8,1,1,0,0,0,-999,1,4,531,139096,29912724,7,,,,,
203,8,0,0,0,1,0,-2,0,4,-521,139096,29912724,7,,,,0.0,0.0
204,4,1,1,0,0,0,-999,1,4,-531,37266,29912121,4,,,,,
205,4,1,1,0,0,0,-999,1,4,-531,48069,29910382,5,,,,,
206,7,1,1,0,0,0,-999,1,4,-531,75974,29910545,7,,,,,
206,7,1,1,0,0,0,-999,0,3,521,75974,29910545,7,,,,0.0,0.0
207,6,0,0,0,1,0,1,1,4,531,139220,29912724,7,,,,,
207,6,0,0,1,0,0,-999,0,2,-521,139220,29912724,7,,,,,
208,4,1,1,0,0,0,-999,1,4,-531,79883,29910568,2,,,,,
209,8,0,0,0,1,0,-2,0,4,-421,39709,29910333,5,,,,,
209,8,0,0,0,1,0,-2,1,4,-531,39709,29910333,5,,,,0.0,0.0
210,7,0,0,0,1,0,-1,0,3,511,108542,29910735,3,,,,,
210,7,0,0,1,0,0,-999,1,4,-531,108542,29910735,3,,,,0.0,0.0
211,4,1,1,0,0,0,-999,1,4,531,39750,29910333,2,,,,,
212,4,1,1,0,0,0,-999,1,4,-531,79877,29910568,6,,,,,
213,4,1,1,0,0,0,-999,1,4,-531,37203,29912121,5,,,,,
214,7,0,0,0,1,0,-1,0,3,-511,80763,29910573,5,,,,,
214,7,0,0,0,1,0,-2,1,4,531,80763,29910573,5,,,,,
215,4,1,1,0,0,0,-999,1,4,531,76021,29910545,5,,,,,
216,4,1,1,0,0,0,-999,1,4,531,76087,29910545,4,,,,,
217,10,0,0,0,1,0,-2,1,4,531,22021,29910229,8,,,,,
217,10,0,0,0,0,1,-999,0,6,-521,22021,29910229,8,,,,0.0,0.0
218,4,1,1,0,0,0,-999,1,4,531,37330,29912121,6,,,,,
219,9,0,0,0,0,1,-999,0,5,-521,79914,29910568,7,,,,0.0,0.0
219,9,0,0,0,1,0,-2,1,4,531,79914,29910568,7,,,,,
220,4,1,1,0,0,0,-999,1,4,-531,21922,29910229,8,,,,,
221,4,1,1,0,0,0,-999,1,4,531,139103,29912724,7,,,,,
222,6,0,0,1,0,0,-999,1,4,-531,108430,29910735,5,,,,,
222,6,0,0,1,0,0,-999,0,2,521,108430,29910735,5,,,,,
223,7,0,0,0,1,0,-1,0,3,-531,37290,29912121,4,,,,,
223,7,1,1,0,0,0,-999,1,4,531,37290,29912121,4,,,,0.0,0.0
224,4,1,1,0,0,0,-999,1,4,-531,21920,29910229,6,,,,,
225,8,0,0,0,1,0,-1,1,4,-531,39801,29910333,4,,,,,
225,8,0,0,0,1,0,-2,0,4,511,39801,29910333,4,,,,0.0,0.0
226,6,0,0,0,1,0,-1,1,4,531,26394,29912057,7,,,,,
226,6,0,0,1,0,0,-999,0,2,5122,26394,29912057,7,,,,,
227,4,1,1,0,0,0,-999,1,4,-531,111588,29912561,5,,,,,
228,4,1,1,0,0,0,-999,1,4,531,92047,29910639,7,,,,,
229,4,1,1,0,0,0,-999,1,4,531,139089,29912724,6,,,,,
230,6,0,0,1,0,0,-999,0,2,-421,37204,29912121,2,,,,,
230,6,0,0,0,1,0,-1,1,4,-531,37204,29912121,2,,,,,
231,11,0,0,0,0,1,-999,0,7,511,76009,29910545,5,,,,0.0,0.0
231,11,1,1,0,0,0,-999,1,4,-531,76009,29910545,5,,,,,
232,4,1,1,0,0,0,-999,1,4,531,115888,29912586,4,,,,,
233,10,0,0,0,1,0,-1,1,4,531,80833,29910573,4,,,,,
233,10,0,0,0,1,0,-4,0,6,-511,80833,29910573,4,,,,0.0,0.0
234,7,0,0,0,1,0,-1,1,4,531,21894,29910229,11,,,,,
234,7,0,0,0,0,1,-999,0,3,-521,21894,29910229,11,,,,0.0,0.0
235,4,1,1,0,0,0,-999,1,4,-531,38773,29912130,2,,,,,
236,4,1,1,0,0,0,-999,1,4,-531,39795,29910333,9,,,,,
237,4,1,1,0,0,0,-999,1,4,-531,108580,29910735,5,,,,,
238,4,1,1,0,0,0,-999,1,4,-531,108432,29910735,7,,,,,
239,4,1,1,0,0,0,-999,1,4,-531,80746,29910573,5,,,,,
240,8,1,1,0,0,0,-999,1,4,531,91945,29910638,3,,,,,
240,8,0,1,0,0,0,-999,0,4,-511,91945,29910638,3,,,,0.0,0.0
241,4,1,1,0,0,0,-999,1,4,-531,75941,29910545,2,,,,,
242,9,0,0,0,1,0,-3,0,5,-521,39815,29910333,2,,,,0.0,0.0
242,9,0,0,0,1,0,-2,1,4,531,39815,29910333,2,,,,,
243,9,0,0,0,1,0,-2,1,4,531,48152,29910382,6,,,,,
243,9,0,0,0,1,0,-3,0,5,-511,48152,29910382,6,,,,0.0,0.0
244,4,1,1,0,0,0,-999,1,4,-531,48088,29910382,8,,,,,
245,4,1,1,0,0,0,-999,1,4,-531,75961,29910545,4,,,,,
246,4,1,1,0,0,0,-999,1,4,-531,37242,29912121,4,,,,,
247,7,0,1,0,0,0,-999,0,3,511,21939,29910229,5,,,,,
247,7,0,0,0,1,0,-1,1,4,-531,21939,29910229,5,,,,0.0,0.0
248,8,0,0,0,1,0,-1,0,4,-521,139094,29912724,6,,,,0.0,0.0
248,8,0,0,0,1,0,-2,1,4,531,139094,29912724,6,,,,,
249,4,1,1,0,0,0,-999,1,4,531,21981,29910229,7,,,,,
250,4,1,1,0,0,0,-999,1,4,-531,111543,29912561,6,,,,,
251,4,1,1,0,0,0,-999,1,4,531,92143,29910639,6,,,,,
252,11,0,0,0,1,0,-1,1,4,531,115845,29912586,7,,,,,
252,11,0,0,0,0,1,-999,0,7,-511,115845,29912586,7,,,,0.0,0.0
253,6,0,0,0,1,0,-1,1,4,-531,91979,29910638,5,,,,,
253,6,0,0,1,0,0,-999,0,2,511,91979,29910638,5,,,,,
254,9,0,0,0,1,0,-3,0,5,5122,37207,29912121,7,,,,,
254,9,0,0,0,1,0,-1,1,4,531,37207,29912121,7,,,,0.0,0.0
255,4,1,1,0,0,0,-999,1,4,-531,111669,29912561,6,,,,,
256,7,0,0,0,1,0,-2,1,4,-531,48082,29910382,3,,,,,
256,7,0,0,0,1,0,-1,0,3,531,48082,29910382,3,,,,0.0,0.0
257,7,0,0,1,0,0,-999,0,3,-511,26426,29912057,5,,,,,
257,7,0,0,0,1,0,0,1,4,531,26426,29912057,5,,,,,
258,8,0,0,0,0,1,-999,1,4,-531,80715,29910573,8,,,,0.0,0.0
258,8,0,0,0,1,0,-1,0,4,521,80715,29910573,8,,,,,
259,9,0,0,0,1,0,-2,1,4,-531,79923,29910568,5,,,,,
259,9,0,0,0,1,0,-3,0,5,521,79923,29910568,5,,,,0.0,0.0
260,4,1,1,0,0,0,-999,1,4,531,75959,29910545,4,,,,,
261,4,1,1,0,0,0,-999,1,4,531,82795,29912390,7,,,,,
262,4,1,1,0,0,0,-999,1,4,531,26488,29912057,7,,,,,
263,4,1,1,0,0,0,-999,1,4,531,48119,29910382,6,,,,,
264,6,0,0,1,0,0,-999,1,4,531,26485,29912057,5,,,,,
264,6,0,0,0,1,0,3,0,2,-511,26485,29912057,5,,,,,
265,3,1,1,0,0,0,-999,0,3,-531,82796,29912390,6,,,,,
266,6,0,0,1,0,0,-999,0,2,511,76094,29910545,7,,,,,
266,6,0,0,0,1,0,-1,1,4,-531,76094,29910545,7,,,,,
267,7,0,0,0,1,0,-1,1,4,-531,49318,29912192,4,,,,,
267,7,0,0,0,0,1,-999,0,3,511,49318,29912192,4,,,,0.0,0.0
268,4,1,1,0,0,0,-999,1,4,531,48065,29910382,4,,,,,
269,6,0,0,1,0,0,-999,1,4,531,26376,29912057,6,,,,,
269,6,0,0,1,0,0,-999,0,2,-511,26376,29912057,6,,,,,
270,4,1,1,0,0,0,-999,1,4,531,82753,29912390,5,,,,,
271,7,0,0,0,0,1,-999,0,3,-521,37215,29912121,8,,,,0.0,0.0
271,7,1,1,0,0,0,-999,1,4,531,37215,29912121,8,,,,,
272,10,0,0,0,0,1,-999,0,6,511,37208,29912121,7,,,,0.0,0.0
272,10,0,0,0,1,0,-1,1,4,-531,37208,29912121,7,,,,,
273,6,0,0,0,1,0,0,1,4,-531,92058,29910639,4,,,,,
273,6,0,0,1,0,0,-999,0,2,521,92058,29910639,4,,,,,
274,6,0,0,1,0,0,-999,0,2,521,38753,29912130,6,,,,,
274,6,0,0,1,0,0,-999,1,4,-531,38753,29912130,6,,,,,
275,8,1,1,0,0,0,-999,0,4,-511,37299,29912121,4,,,,,
275,8,1,1,0,0,0,-999,1,4,531,37299,29912121,4,,,,0.0,0.0
276,5,1,1,0,0,0,-999,1,4,531,79889,29910568,7,,,,,
277,7,1,1,0,0,0,-999,0,3,-521,92085,29910639,7,,,,,
277,7,0,0,0,1,0,-1,1,4,531,92085,29910639,7,,,,0.0,0.0
278,7,0,0,0,1,0,-1,1,4,531,82686,29912390,6,,,,,
278,7,0,0,0,1,0,-1,0,3,-521,82686,29912390,6,,,,0.0,0.0
279,6,0,0,1,0,0,-999,0,2,521,111555,29912561,5,,,,,
279,6,0,0,0,1,0,1,1,4,-531,111555,29912561,5,,,,,
280,4,1,1,0,0,0,-999,1,4,-531,92002,29910639,5,,,,,
281,8,0,0,0,1,0,-1,1,4,531,139176,29912724,3,,,,,
281,8,0,0,0,0,1,-999,0,4,-521,139176,29912724,3,,,,0.0,0.0
282,6,0,0,0,1,0,-1,0,4,-511,48067,29910382,9,,,,,
282,6,0,0,0,1,0,1,0,2,531,48067,29910382,9,,,,,
283,4,1,1,0,0,0,-999,1,4,-531,26436,29912057,7,,,,,
284,3,1,1,0,0,0,-999,0,3,531,111681,29912561,7,,,,,
285,4,1,1,0,0,0,-999,1,4,-531,115778,29912586,9,,,,,
286,10,0,0,0,1,0,-2,1,4,531,115852,29912586,3,,,,0.0,0.0
286,10,0,0,0,1,0,-3,0,6,-521,115852,29912586,3,,,,,
287,4,1,1,0,0,0,-999,1,4,-531,38790,29912130,4,,,,,
288,4,1,1,0,0,0,-999,1,4,-531,76052,29910545,4,,,,,
289,6,0,0,0,1,0,0,0,2,521,80815,29910573,6,,,,0.0,0.0
289,6,0,0,0,1,0,-1,1,4,-531,80815,29910573,6,,,,,
290,4,1,1,0,0,0,-999,1,4,531,111688,29912561,4,,,,,
291,4,1,1,0,0,0,-999,1,4,531,22019,29910229,3,,,,,
292,8,0,0,0,1,0,-2,0,4,-511,91881,29910638,4,,,,,
292,8,0,0,0,1,0,-2,1,4,531,91881,29910638,4,,,,0.0,0.0
293,8,1,1,0,0,0,-999,1,4,531,111548,29912561,4,,,,,
293,8,0,0,0,1,0,-2,0,4,-511,111548,29912561,4,,,,0.0,0.0
294,4,1,1,0,0,0,-999,1,4,-531,111561,29912561,6,,,,,
295,4,1,1,0,0,0,-999,1,4,531,80818,29910573,6,,,,,
296,4,1,1,0,0,0,-999,1,4,531,82704,29912390,3,,,,,
297,6,0,0,1,0,0,-999,0,2,511,38738,29912130,5,,,,,
297,6,0,0,1,0,0,-999,1,4,-531,38738,29912130,5,,,,,
298,4,1,1,0,0,0,-999,1,4,531,80724,29910573,8,,,,,
299,12,0,0,0,1,0,-6,0,8,511,108438,29910735,7,,,,0.0,0.0
299,12,1,1,0,0,0,-999,1,4,-531,108438,29910735,7,,,,,
300,4,1,1,0,0,0,-999,1,4,-531,38870,29912130,4,,,,,
301,4,1,1,0,0,0,-999,1,4,531,91937,29910638,3,,,,,
302,8,0,0,0,1,0,-1,0,4,-5122,115869,29912586,7,,,,,
302,8,1,1,0,0,0,-999,1,4,-531,115869,29912586,7,,,,0.0,0.0
303,5,0,0,1,0,0,-999,0,3,-531,82648,29912390,6,,,,,
303,5,0,0,1,0,0,-999,0,2,511,82648,29912390,6,,,,,
304,4,1,1,0,0,0,-999,1,4,531,80826,29910573,6,,,,,
305,6,1,1,0,0,0,-999,1,4,531,38837,29912130,6,,,,,
305,6,1,1,0,0,0,-999,0,2,-521,38837,29912130,6,,,,0.0,0.0
306,12,0,0,0,0,1,-999,0,2,-521,80727,29910573,8,,,,0.0,0.0
306,12,0,0,0,1,0,-2,0,4,521,80727,29910573,8,,,,,
306,12,0,0,0,0,1,-999,1,4,531,80727,29910573,8,,,,0.0,0.0
306,12,0,0,0,1,0,0,0,2,-521,80727,29910573,8,,,,,
307,10,0,0,0,0,1,-999,0,6,-531,108504,29910735,8,,,,0.0,0.0
307,10,1,1,0,0,0,-999,1,4,531,108504,29910735,8,,,,,
308,4,1,1,0,0,0,-999,1,4,-531,26404,29912057,3,,,,,
309,6,0,0,1,0,0,-999,1,4,-531,49302,29912192,6,,,,,
309,6,0,0,1,0,0,-999,0,2,531,49302,29912192,6,,,,,
310,6,0,0,0,1,0,-1,1,4,531,79865,29910568,4,,,,,
310,6,1,1,0,0,0,-999,0,2,-511,79865,29910568,4,,,,0.0,0.0
311,4,1,1,0,0,0,-999,1,4,-531,37314,29912121,7,,,,,
312,4,1,1,0,0,0,-999,1,4,531,76086,29910545,7,,,,,
313,7,0,0,0,1,0,1,0,3,511,92016,29910639,6,,,,,
313,7,0,0,0,1,0,0,1,4,-531,92016,29910639,6,,,,,
314,4,1,1,0,0,0,-999,1,4,-531,92142,29910639,7,,,,,
315,4,1,1,0,0,0,-999,1,4,531,39752,29910333,7,,,,,
316,8,0,0,0,0,1,-999,0,4,-521,91970,29910638,8,,,,0.0,0.0
316,8,0,0,0,1,0,-1,1,4,531,91970,29910638,8,,,,,
317,4,1,1,0,0,0,-999,1,4,531,139123,29912724,3,,,,,
318,4,1,1,0,0,0,-999,1,4,-531,115786,29912586,5,,,,,
319,4,1,1,0,0,0,-999,1,4,531,139120,29912724,2,,,,,
320,8,0,0,0,1,0,-2,1,4,-531,82712,29912390,1,,,,0.0,0.0
320,8,0,1,0,0,0,-999,0,4,-5122,82712,29912390,1,,,,,
321,7,0,0,0,1,0,0,0,3,-521,79921,29910568,2,,,,,
321,7,0,0,0,1,0,-1,1,4,531,79921,29910568,2,,,,,
322,4,1,1,0,0,0,-999,1,4,531,38736,29912130,4,,,,,
323,4,1,1,0,0,0,-999,1,4,-531,38705,29912130,5,,,,,
324,4,1,1,0,0,0,-999,1,4,-531,37268,29912121,6,,,,,
325,10,0,0,0,1,0,-4,0,6,-511,26407,29912057,5,,,,,
325,10,0,0,0,1,0,-2,1,4,531,26407,29912057,5,,,,0.0,0.0
326,4,1,1,0,0,0,-999,1,4,-531,48161,29910382,7,,,,,
327,4,1,1,0,0,0,-999,1,4,531,108420,29910735,4,,,,,
328,6,0,0,1,0,0,-999,1,4,531,92080,29910639,5,,,,,
328,6,0,0,1,0,0,-999,0,2,4122,92080,29910639,5,,,,,
329,4,1,1,0,0,0,-999,1,4,531,39800,29910333,3,,,,,
330,9,0,0,0,0,1,-999,0,5,511,75945,29910545,7,,,,,
330,9,0,0,0,0,1,-999,1,4,-531,75945,29910545,7,,,,,
331,4,1,1,0,0,0,-999,1,4,-531,37340,29912121,3,,,,,
332,4,1,1,0,0,0,-999,1,4,-531,21929,29910229,8,,,,,
333,4,1,1,0,0,0,-999,1,4,-531,37226,29912121,8,,,,,
334,8,0,0,0,1,0,-2,0,4,511,111671,29912561,3,,,,,
334,8,0,0,0,1,0,-2,1,4,-531,111671,29912561,3,,,,,
335,6,1,1,0,0,0,-999,1,4,531,139231,29912724,8,,,,,
335,6,1,1,0,0,0,-999,0,2,-511,139231,29912724,8,,,,0.0,0.0
336,4,1,1,0,0,0,-999,1,4,-531,38827,29912130,5,,,,,
337,4,1,1,0,0,0,-999,1,4,531,139195,29912724,3,,,,,
338,6,1,1,0,0,0,-999,1,4,531,92015,29910639,8,,,,,
338,6,1,1,0,0,0,-999,0,2,-521,92015,29910639,8,,,,0.0,0.0
339,4,1,1,0,0,0,-999,1,4,531,26490,29912057,5,,,,,
340,4,1,1,0,0,0,-999,1,4,-531,39698,29910333,6,,,,,
341,4,1,1,0,0,0,-999,1,4,531,82738,29912390,8,,,,,
342,6,0,0,1,0,0,-999,1,4,531,108564,29910735,6,,,,,
342,6,0,0,0,1,0,3,0,2,-511,108564,29910735,6,,,,,
343,6,0,0,1,0,0,-999,0,2,521,38810,29912130,5,,,,,
343,6,0,0,1,0,0,-999,1,4,-531,38810,29912130,5,,,,,
344,7,0,0,0,1,0,-1,1,4,-531,139147,29912724,6,,,,,
344,7,0,0,0,0,1,-999,0,3,511,139147,29912724,6,,,,0.0,0.0
345,6,1,1,0,0,0,-999,0,2,-511,82710,29912390,9,,,,,
345,6,1,1,0,0,0,-999,1,4,531,82710,29912390,9,,,,0.0,0.0
346,4,1,1,0,0,0,-999,1,4,531,115808,29912586,10,,,,,
347,11,0,0,0,0,1,-999,0,7,511,115854,29912586,2,,,,0.0,0.0
347,11,0,0,0,1,0,-1,1,4,-531,115854,29912586,2,,,,,
348,4,1,1,0,0,0,-999,1,4,531,115864,29912586,2,,,,,
349,7,1,1,0,0,0,-999,1,4,-531,91976,29910638,7,,,,,
349,7,1,1,0,0,0,-999,0,3,511,91976,29910638,7,,,,0.0,0.0
350,8,0,0,0,1,0,-2,1,4,531,26417,29912057,5,,,,,
350,8,0,0,0,1,0,-2,0,4,-511,26417,29912057,5,,,,0.0,0.0
351,6,0,0,1,0,0,-999,1,4,531,108544,29910735,3,,,,,
351,6,0,0,1,0,0,-999,0,2,-521,108544,29910735,3,,,,,
352,8,0,0,0,1,0,-2,0,4,511,111567,29912561,7,,,,,
352,8,1,1,0,0,0,-999,1,4,-531,111567,29912561,7,,,,0.0,0.0
353,11,0,0,0,1,0,-5,0,7,-521,80795,29910573,3,,,,0.0,0.0
353,11,0,0,0,1,0,-1,1,4,531,80795,29910573,3,,,,,
354,4,1,1,0,0,0,-999,1,4,-531,37235,29912121,2,,,,,
355,4,1,1,0,0,0,-999,1,4,-531,76012,29910545,7,,,,,
356,4,1,1,0,0,0,-999,1,4,531,48084,29910382,8,,,,,
357,6,1,1,0,0,0,-999,1,4,531,49290,29912192,9,,,,,
357,6,0,0,0,0,1,-999,0,2,-511,49290,29912192,9,,,,0.0,0.0
358,7,0,0,0,1,0,0,0,3,511,92051,29910639,2,,,,,
358,7,0,0,0,1,0,-1,1,4,-531,92051,29910639,2,,,,,
359,5,0,0,1,0,0,-999,1,4,-531,37345,29912121,10,,,,,
360,7,1,1,0,0,0,-999,1,4,-531,111557,29912561,4,,,,,
360,7,1,1,0,0,0,-999,0,3,511,111557,29912561,4,,,,0.0,0.0
361,10,0,0,0,1,0,-2,1,4,-531,108517,29910735,5,,,,0.0,0.0
361,10,0,0,0,1,0,-4,0,6,521,108517,29910735,5,,,,,
362,6,1,1,0,0,0,-999,1,4,-531,80801,29910573,4,,,,,
362,6,1,1,0,0,0,-999,0,2,531,80801,29910573,4,,,,0.0,0.0
363,4,1,1,0,0,0,-999,1,4,-531,108577,29910735,7,,,,,
364,4,1,1,0,0,0,-999,1,4,-531,82651,29912390,5,,,,,
365,6,0,0,1,0,0,-999,1,4,531,139210,29912724,7,,,,,
365,6,0,0,0,1,0,3,0,2,-521,139210,29912724,7,,,,,
366,4,1,1,0,0,0,-999,1,4,531,80859,29910573,6,,,,,
367,4,1,1,0,0,0,-999,1,4,531,79925,29910568,3,,,,,
368,4,1,1,0,0,0,-999,1,4,-531,91949,29910638,7,,,,,
369,6,0,0,0,1,0,0,1,4,531,38710,29912130,7,,,,,
369,6,0,0,0,1,0,2,0,2,421,38710,29912130,7,,,,,
370,6,1,1,0,0,0,-999,1,4,-531,37298,29912121,5,,,,,
370,6,1,1,0,0,0,-999,0,2,511,37298,29912121,5,,,,0.0,0.0
371,4,1,1,0,0,0,-999,1,4,-531,22000,29910229,4,,,,,
372,4,1,1,0,0,0,-999,1,4,-531,39685,29910333,8,,,,,
373,6,1,1,0,0,0,-999,1,4,-531,37244,29912121,5,,,,,
373,6,1,1,0,0,0,-999,0,2,-421,37244,29912121,5,,,,0.0,0.0
374,4,1,1,0,0,0,-999,1,4,-531,91916,29910638,5,,,,,
375,10,0,0,0,1,0,-1,1,4,531,48124,29910382,2,,,,,
375,10,0,0,0,1,0,-3,0,6,-521,48124,29910382,2,,,,,
376,4,1,1,0,0,0,-999,1,4,-531,80879,29910573,6,,,,,
377,9,0,0,0,0,1,-999,0,5,-521,115788,29912586,8,,,,0.0,0.0
377,9,0,0,0,1,0,-2,1,4,531,115788,29912586,8,,,,,
378,4,1,1,0,0,0,-999,1,4,-531,48071,29910382,5,,,,,
379,9,0,0,0,1,0,-3,0,5,511,75971,29910545,2,,,,,
379,9,0,0,0,1,0,-2,1,4,-531,75971,29910545,2,,,,0.0,0.0
380,7,0,0,0,1,0,-1,0,3,531,92119,29910639,3,,,,,
380,7,1,1,0,0,0,-999,1,4,-531,92119,29910639,3,,,,0.0,0.0
381,6,0,0,0,1,0,1,1,4,531,111617,29912561,4,,,,,
381,6,0,0,1,0,0,-999,0,2,-511,111617,29912561,4,,,,,
382,4,1,1,0,0,0,-999,1,4,531,38815,29912130,6,,,,,
383,7,0,0,1,0,0,-999,0,3,-521,39804,29910333,5,,,,,
383,7,0,0,0,1,0,0,1,4,531,39804,29910333,5,,,,,
384,9,0,0,0,1,0,-3,0,6,-5122,82748,29912390,3,,,,,
384,9,1,1,0,0,0,-999,0,3,-531,82748,29912390,3,,,,0.0,0.0
385,4,1,1,0,0,0,-999,1,4,531,108506,29910735,7,,,,,
386,4,1,1,0,0,0,-999,1,4,-531,48184,29910382,6,,,,,
387,4,1,1,0,0,0,-999,1,4,-531,108433,29910735,4,,,,,
388,4,1,1,0,0,0,-999,1,4,531,37337,29912121,7,,,,,
389,7,0,0,0,1,0,-1,1,4,531,80714,29910573,7,,,,,
389,7,0,0,0,1,0,0,0,3,-511,80714,29910573,7,,,,0.0,0.0
390,6,0,0,0,1,0,-1,1,4,531,108519,29910735,9,,,,,
390,6,0,0,0,1,0,0,0,2,-521,108519,29910735,9,,,,0.0,0.0
391,4,1,1,0,0,0,-999,1,4,531,21924,29910229,5,,,,,
392,9,0,0,0,1,0,-1,1,4,-531,39690,29910333,8,,,,,
392,9,0,0,0,0,1,-999,0,5,511,39690,29910333,8,,,,0.0,0.0
393,6,1,1,0,0,0,-999,1,4,-531,80792,29910573,8,,,,,
393,6,0,0,0,0,1,-999,0,2,511,80792,29910573,8,,,,0.0,0.0
394,6,1,1,0,0,0,-999,1,4,531,49309,29912192,5,,,,,
394,6,0,0,0,0,1,-999,0,2,-521,49309,29912192,5,,,,0.0,0.0
395,10,0,0,0,1,0,-2,0,4,-521,139128,29912724,5,,,,,
395,10,0,0,0,0,1,-999,1,4,531,139128,29912724,5,,,,0.0,0.0
395,10,0,0,0,0,1,-999,0,2,-521,139128,29912724,5,,,,0.0,0.0
396,4,1,1,0,0,0,-999,1,4,531,37316,29912121,6,,,,,
397,4,1,1,0,0,0,-999,1,4,531,111570,29912561,5,,,,,
